{"v":"5.1.16","fr":29.9700012207031,"ip":0,"op":241.000009816131,"w":190,"h":120,"nm":"icon-cam","ddd":0,"assets":[{"id":"comp_0","layers":[{"ddd":0,"ind":1,"ty":4,"nm":"Layer 5 Outlines","parent":2,"sr":1,"ks":{"o":{"a":0,"k":100,"ix":11},"r":{"a":0,"k":0,"ix":10},"p":{"a":0,"k":[49.745,55.212,0],"ix":2},"a":{"a":0,"k":[57.406,55.212,0],"ix":1},"s":{"a":0,"k":[100,100,100],"ix":6}},"ao":0,"shapes":[{"ty":"gr","it":[{"ind":0,"ty":"sh","ix":1,"ks":{"a":1,"k":[{"i":{"x":0.833,"y":0.833},"o":{"x":0.167,"y":0.167},"n":"0p833_0p833_0p167_0p167","t":0,"s":[{"i":[[0,0],[2.421,0.896],[1.407,0.003],[0,0],[-1.407,-1.065],[-2.067,-1.414],[0,0],[0,0]],"o":[[0,0],[-1.659,-0.614],[-2.726,-0.006],[0,0],[9.294,7.03],[2.682,-5.327],[0,0],[0,0]],"v":[[96.172,14.855],[23.557,-14.8],[18.069,-16.023],[-20.001,-16.027],[-17.786,-14.352],[29.042,20.91],[36.866,14.853],[94.124,15.168]],"c":true}],"e":[{"i":[[-1.545,-3.586],[0.514,1.738],[0,0],[0,0],[0.457,-4.183],[0.645,-2.333],[0,0],[0,0]],"o":[[-1.27,-4.057],[-1.51,-5.103],[0,0],[0,0],[-0.989,9.059],[1.069,-3.088],[0,0],[0,0]],"v":[[33.37,19.269],[25.221,-11.27],[21.043,-16.024],[-20.001,-16.027],[-23.622,-11.132],[-26.703,19.23],[-20.392,14.465],[27.894,15.146]],"c":true}]},{"i":{"x":0.833,"y":0.833},"o":{"x":0.167,"y":0.167},"n":"0p833_0p833_0p167_0p167","t":30,"s":[{"i":[[-1.545,-3.586],[0.514,1.738],[0,0],[0,0],[0.457,-4.183],[0.645,-2.333],[0,0],[0,0]],"o":[[-1.27,-4.057],[-1.51,-5.103],[0,0],[0,0],[-0.989,9.059],[1.069,-3.088],[0,0],[0,0]],"v":[[33.37,19.269],[25.221,-11.27],[21.043,-16.024],[-20.001,-16.027],[-23.622,-11.132],[-26.703,19.23],[-20.392,14.465],[27.894,15.146]],"c":true}],"e":[{"i":[[-2.049,-4.007],[-8.553,6.922],[0,0],[3.819,-0.062],[3.664,-1.52],[1.592,-0.998],[0,0],[0,0]],"o":[[3.318,-2.81],[-0.359,-4.33],[0,0],[-3.819,0.062],[-13.566,5.629],[1.674,-0.384],[0,0],[0,0]],"v":[[-22.174,19.086],[24.775,-11.387],[21.043,-16.024],[-15.162,-16.032],[-23.199,-14.601],[-89.304,15.189],[-88.84,15.181],[-27.65,14.963]],"c":true}]},{"t":60.0000024438501}],"ix":2},"nm":"Path 1","mn":"ADBE Vector Shape - Group","hd":false},{"ty":"fl","c":{"a":0,"k":[0.941000007181,0.941000007181,0.941000007181,1],"ix":4},"o":{"a":0,"k":100,"ix":5},"r":1,"nm":"Fill 1","mn":"ADBE Vector Graphic - Fill","hd":false},{"ty":"tr","p":{"a":0,"k":[59.622,34.118],"ix":2},"a":{"a":0,"k":[0,0],"ix":1},"s":{"a":0,"k":[100,100],"ix":3},"r":{"a":0,"k":0,"ix":6},"o":{"a":0,"k":100,"ix":7},"sk":{"a":0,"k":0,"ix":4},"sa":{"a":0,"k":0,"ix":5},"nm":"Transform"}],"nm":"top","np":2,"cix":2,"ix":1,"mn":"ADBE Vector Group","hd":false},{"ty":"gr","it":[{"ind":0,"ty":"sh","ix":1,"ks":{"a":1,"k":[{"i":{"x":0.833,"y":0.833},"o":{"x":0.167,"y":0.167},"n":"0p833_0p833_0p167_0p167","t":0,"s":[{"i":[[0,0],[0,0],[0,0],[0,0]],"o":[[0,0],[0,0],[0,0],[0,0]],"v":[[53.902,18.204],[54.209,22.674],[7.976,-17.38],[7.737,-20.961]],"c":true}],"e":[{"i":[[0,0],[0,0],[0,0],[0,0]],"o":[[0,0],[0,0],[0,0],[0,0]],"v":[[11.261,18.103],[11.618,22.876],[10.899,-16.876],[10.66,-20.457]],"c":true}]},{"i":{"x":0.833,"y":0.833},"o":{"x":0.167,"y":0.167},"n":"0p833_0p833_0p167_0p167","t":30,"s":[{"i":[[0,0],[0,0],[0,0],[0,0]],"o":[[0,0],[0,0],[0,0],[0,0]],"v":[[11.261,18.103],[11.618,22.876],[10.899,-16.876],[10.66,-20.457]],"c":true}],"e":[{"i":[[0,0],[0,0],[0,0],[0,0]],"o":[[0,0],[0,0],[0,0],[0,0]],"v":[[64.89,14.877],[65.247,19.65],[65.083,-16.069],[64.844,-19.65]],"c":true}]},{"i":{"x":0.833,"y":0.833},"o":{"x":0.167,"y":0.167},"n":"0p833_0p833_0p167_0p167","t":31,"s":[{"i":[[0,0],[0,0],[0,0],[0,0]],"o":[[0,0],[0,0],[0,0],[0,0]],"v":[[64.89,14.877],[65.247,19.65],[65.083,-16.069],[64.844,-19.65]],"c":true}],"e":[{"i":[[0,0],[0,0],[0,0],[0,0]],"o":[[0,0],[0,0],[0,0],[0,0]],"v":[[24.215,18.033],[24.168,22.251],[63.772,-17.351],[63.533,-20.932]],"c":true}]},{"t":60.0000024438501}],"ix":2},"nm":"Path 1","mn":"ADBE Vector Shape - Group","hd":false},{"ty":"fl","c":{"a":0,"k":[0.694000004787,0.698000021542,0.705999995213,1],"ix":4},"o":{"a":0,"k":100,"ix":5},"r":1,"nm":"Fill 1","mn":"ADBE Vector Graphic - Fill","hd":false},{"ty":"tr","p":{"a":0,"k":[24.58,62.57],"ix":2},"a":{"a":0,"k":[0,0],"ix":1},"s":{"a":0,"k":[100,100],"ix":3},"r":{"a":0,"k":0,"ix":6},"o":{"a":0,"k":100,"ix":7},"sk":{"a":0,"k":0,"ix":4},"sa":{"a":0,"k":0,"ix":5},"nm":"Transform"}],"nm":"base","np":2,"cix":2,"ix":2,"mn":"ADBE Vector Group","hd":false},{"ty":"gr","it":[{"ty":"gr","it":[{"ind":0,"ty":"sh","ix":1,"ks":{"a":0,"k":{"i":[[0,-3.737],[3.738,0],[0,3.738],[-3.737,0]],"o":[[0,3.738],[-3.737,0],[0,-3.737],[3.738,0]],"v":[[6.768,-0.001],[-0.001,6.768],[-6.768,-0.001],[-0.001,-6.768]],"c":true},"ix":2},"nm":"Path 1","mn":"ADBE Vector Shape - Group","hd":false},{"ty":"st","c":{"a":0,"k":[0.023999999551,0.204000001795,0.263000009574,1],"ix":3},"o":{"a":0,"k":100,"ix":4},"w":{"a":0,"k":1,"ix":5},"lc":1,"lj":1,"ml":10,"nm":"Stroke 1","mn":"ADBE Vector Graphic - Stroke","hd":false},{"ty":"tr","p":{"a":0,"k":[81.126,67.92],"ix":2},"a":{"a":0,"k":[0,0],"ix":1},"s":{"a":0,"k":[100,100],"ix":3},"r":{"a":0,"k":0,"ix":6},"o":{"a":0,"k":100,"ix":7},"sk":{"a":0,"k":0,"ix":4},"sa":{"a":0,"k":0,"ix":5},"nm":"Transform"}],"nm":"Group 5","np":2,"cix":2,"ix":1,"mn":"ADBE Vector Group","hd":false},{"ty":"gr","it":[{"ind":0,"ty":"sh","ix":1,"ks":{"a":0,"k":{"i":[[0,-2.538],[2.538,0],[0,2.538],[-2.537,0]],"o":[[0,2.538],[-2.537,0],[0,-2.538],[2.538,0]],"v":[[4.596,-0.001],[-0.001,4.596],[-4.596,-0.001],[-0.001,-4.596]],"c":true},"ix":2},"nm":"Path 1","mn":"ADBE Vector Shape - Group","hd":false},{"ty":"st","c":{"a":0,"k":[0.023999999551,0.204000001795,0.263000009574,1],"ix":3},"o":{"a":0,"k":100,"ix":4},"w":{"a":0,"k":1,"ix":5},"lc":1,"lj":1,"ml":10,"nm":"Stroke 1","mn":"ADBE Vector Graphic - Stroke","hd":false},{"ty":"tr","p":{"a":0,"k":[81.126,67.92],"ix":2},"a":{"a":0,"k":[0,0],"ix":1},"s":{"a":0,"k":[100,100],"ix":3},"r":{"a":0,"k":0,"ix":6},"o":{"a":0,"k":100,"ix":7},"sk":{"a":0,"k":0,"ix":4},"sa":{"a":0,"k":0,"ix":5},"nm":"Transform"}],"nm":"Group 6","np":2,"cix":2,"ix":2,"mn":"ADBE Vector Group","hd":false},{"ty":"gr","it":[{"ind":0,"ty":"sh","ix":1,"ks":{"a":0,"k":{"i":[[0,-1.633],[1.634,0],[0,1.634],[-1.633,0]],"o":[[0,1.634],[-1.633,0],[0,-1.633],[1.634,0]],"v":[[2.958,0],[0,2.958],[-2.958,0],[0,-2.958]],"c":true},"ix":2},"nm":"Path 1","mn":"ADBE Vector Shape - Group","hd":false},{"ty":"fl","c":{"a":0,"k":[0.023999999551,0.204000001795,0.263000009574,1],"ix":4},"o":{"a":0,"k":100,"ix":5},"r":1,"nm":"Fill 1","mn":"ADBE Vector Graphic - Fill","hd":false},{"ty":"tr","p":{"a":0,"k":[81.125,67.919],"ix":2},"a":{"a":0,"k":[0,0],"ix":1},"s":{"a":0,"k":[100,100],"ix":3},"r":{"a":0,"k":0,"ix":6},"o":{"a":0,"k":100,"ix":7},"sk":{"a":0,"k":0,"ix":4},"sa":{"a":0,"k":0,"ix":5},"nm":"Transform"}],"nm":"Group 7","np":2,"cix":2,"ix":3,"mn":"ADBE Vector Group","hd":false},{"ty":"gr","it":[{"ind":0,"ty":"sh","ix":1,"ks":{"a":0,"k":{"i":[[-1.076,0],[0,0],[0,1.077],[0,0],[1.076,0],[0,0],[0,-1.076],[0,0]],"o":[[0,0],[1.076,0],[0,0],[0,-1.076],[0,0],[-1.076,0],[0,0],[0,1.077]],"v":[[-12.275,8.834],[12.275,8.834],[14.232,6.877],[14.232,-6.878],[12.275,-8.834],[-12.275,-8.834],[-14.232,-6.878],[-14.232,6.877]],"c":true},"ix":2},"nm":"Path 1","mn":"ADBE Vector Shape - Group","hd":false},{"ty":"st","c":{"a":0,"k":[0.023999999551,0.204000001795,0.263000009574,1],"ix":3},"o":{"a":0,"k":100,"ix":4},"w":{"a":0,"k":0.967,"ix":5},"lc":1,"lj":1,"ml":10,"nm":"Stroke 1","mn":"ADBE Vector Graphic - Stroke","hd":false},{"ty":"tr","p":{"a":0,"k":[81.126,67.92],"ix":2},"a":{"a":0,"k":[0,0],"ix":1},"s":{"a":0,"k":[100,100],"ix":3},"r":{"a":0,"k":0,"ix":6},"o":{"a":0,"k":100,"ix":7},"sk":{"a":0,"k":0,"ix":4},"sa":{"a":0,"k":0,"ix":5},"nm":"Transform"}],"nm":"Group 8","np":2,"cix":2,"ix":4,"mn":"ADBE Vector Group","hd":false},{"ty":"gr","it":[{"ind":0,"ty":"sh","ix":1,"ks":{"a":0,"k":{"i":[[-1.306,0],[0,0],[0,1.306],[0,0],[1.306,0],[0,0],[0,-1.307],[0,0]],"o":[[0,0],[1.306,0],[0,0],[0,-1.307],[0,0],[-1.306,0],[0,0],[0,1.306]],"v":[[-14.332,11.092],[14.332,11.092],[16.707,8.717],[16.707,-8.715],[14.332,-11.092],[-14.332,-11.092],[-16.707,-8.715],[-16.707,8.717]],"c":true},"ix":2},"nm":"Path 1","mn":"ADBE Vector Shape - Group","hd":false},{"ty":"fl","c":{"a":0,"k":[0.051000000449,0.301999978458,0.388000009574,1],"ix":4},"o":{"a":0,"k":100,"ix":5},"r":1,"nm":"Fill 1","mn":"ADBE Vector Graphic - Fill","hd":false},{"ty":"tr","p":{"a":0,"k":[81.126,67.919],"ix":2},"a":{"a":0,"k":[0,0],"ix":1},"s":{"a":0,"k":[100,100],"ix":3},"r":{"a":0,"k":0,"ix":6},"o":{"a":0,"k":100,"ix":7},"sk":{"a":0,"k":0,"ix":4},"sa":{"a":0,"k":0,"ix":5},"nm":"Transform"}],"nm":"Group 9","np":2,"cix":2,"ix":5,"mn":"ADBE Vector Group","hd":false},{"ty":"gr","it":[{"ind":0,"ty":"sh","ix":1,"ks":{"a":0,"k":{"i":[[0,-1.141],[1.14,0],[0,1.14],[-1.141,0]],"o":[[0,1.14],[-1.141,0],[0,-1.141],[1.14,0]],"v":[[2.065,0],[0,2.065],[-2.065,0],[0,-2.065]],"c":true},"ix":2},"nm":"Path 1","mn":"ADBE Vector Shape - Group","hd":false},{"ty":"fl","c":{"a":0,"k":[0.051000000449,0.301999978458,0.388000009574,1],"ix":4},"o":{"a":0,"k":100,"ix":5},"r":1,"nm":"Fill 1","mn":"ADBE Vector Graphic - Fill","hd":false},{"ty":"tr","p":{"a":0,"k":[102.655,81.064],"ix":2},"a":{"a":0,"k":[0,0],"ix":1},"s":{"a":0,"k":[100,100],"ix":3},"r":{"a":0,"k":0,"ix":6},"o":{"a":0,"k":100,"ix":7},"sk":{"a":0,"k":0,"ix":4},"sa":{"a":0,"k":0,"ix":5},"nm":"Transform"}],"nm":"Group 10","np":2,"cix":2,"ix":6,"mn":"ADBE Vector Group","hd":false},{"ty":"gr","it":[{"ind":0,"ty":"sh","ix":1,"ks":{"a":0,"k":{"i":[[0,-1.141],[1.14,0],[0,1.14],[-1.141,0]],"o":[[0,1.14],[-1.141,0],[0,-1.141],[1.14,0]],"v":[[2.065,0],[0,2.065],[-2.065,0],[0,-2.065]],"c":true},"ix":2},"nm":"Path 1","mn":"ADBE Vector Shape - Group","hd":false},{"ty":"fl","c":{"a":0,"k":[0.051000000449,0.301999978458,0.388000009574,1],"ix":4},"o":{"a":0,"k":100,"ix":5},"r":1,"nm":"Fill 1","mn":"ADBE Vector Graphic - Fill","hd":false},{"ty":"tr","p":{"a":0,"k":[102.655,54.775],"ix":2},"a":{"a":0,"k":[0,0],"ix":1},"s":{"a":0,"k":[100,100],"ix":3},"r":{"a":0,"k":0,"ix":6},"o":{"a":0,"k":100,"ix":7},"sk":{"a":0,"k":0,"ix":4},"sa":{"a":0,"k":0,"ix":5},"nm":"Transform"}],"nm":"Group 11","np":2,"cix":2,"ix":7,"mn":"ADBE Vector Group","hd":false},{"ty":"gr","it":[{"ind":0,"ty":"sh","ix":1,"ks":{"a":0,"k":{"i":[[0,-1.141],[1.14,0],[0,1.14],[-1.141,0]],"o":[[0,1.14],[-1.141,0],[0,-1.141],[1.14,0]],"v":[[2.065,0],[0,2.065],[-2.065,0],[0,-2.065]],"c":true},"ix":2},"nm":"Path 1","mn":"ADBE Vector Shape - Group","hd":false},{"ty":"fl","c":{"a":0,"k":[0.051000000449,0.301999978458,0.388000009574,1],"ix":4},"o":{"a":0,"k":100,"ix":5},"r":1,"nm":"Fill 1","mn":"ADBE Vector Graphic - Fill","hd":false},{"ty":"tr","p":{"a":0,"k":[59.597,81.064],"ix":2},"a":{"a":0,"k":[0,0],"ix":1},"s":{"a":0,"k":[100,100],"ix":3},"r":{"a":0,"k":0,"ix":6},"o":{"a":0,"k":100,"ix":7},"sk":{"a":0,"k":0,"ix":4},"sa":{"a":0,"k":0,"ix":5},"nm":"Transform"}],"nm":"Group 12","np":2,"cix":2,"ix":8,"mn":"ADBE Vector Group","hd":false},{"ty":"gr","it":[{"ind":0,"ty":"sh","ix":1,"ks":{"a":0,"k":{"i":[[0,-1.141],[1.14,0],[0,1.14],[-1.141,0]],"o":[[0,1.14],[-1.141,0],[0,-1.141],[1.14,0]],"v":[[2.065,0],[0,2.065],[-2.065,0],[0,-2.065]],"c":true},"ix":2},"nm":"Path 1","mn":"ADBE Vector Shape - Group","hd":false},{"ty":"fl","c":{"a":0,"k":[0.051000000449,0.301999978458,0.388000009574,1],"ix":4},"o":{"a":0,"k":100,"ix":5},"r":1,"nm":"Fill 1","mn":"ADBE Vector Graphic - Fill","hd":false},{"ty":"tr","p":{"a":0,"k":[59.597,54.775],"ix":2},"a":{"a":0,"k":[0,0],"ix":1},"s":{"a":0,"k":[100,100],"ix":3},"r":{"a":0,"k":0,"ix":6},"o":{"a":0,"k":100,"ix":7},"sk":{"a":0,"k":0,"ix":4},"sa":{"a":0,"k":0,"ix":5},"nm":"Transform"}],"nm":"Group 13","np":2,"cix":2,"ix":9,"mn":"ADBE Vector Group","hd":false},{"ty":"gr","it":[{"ind":0,"ty":"sh","ix":1,"ks":{"a":0,"k":{"i":[[-3.488,0],[0,0],[0,3.488],[0,0],[3.488,0],[0,0],[0,-3.487],[0,0]],"o":[[0,0],[3.488,0],[0,0],[0,-3.487],[0,0],[-3.488,0],[0,0],[0,3.488]],"v":[[-21.441,19.378],[21.441,19.378],[27.756,13.063],[27.756,-13.063],[21.441,-19.378],[-21.441,-19.378],[-27.756,-13.063],[-27.756,13.063]],"c":true},"ix":2},"nm":"Path 1","mn":"ADBE Vector Shape - Group","hd":false},{"ty":"fl","c":{"a":0,"k":[0.941000007181,0.941000007181,0.941000007181,1],"ix":4},"o":{"a":0,"k":100,"ix":5},"r":1,"nm":"Fill 1","mn":"ADBE Vector Graphic - Fill","hd":false},{"ty":"tr","p":{"a":0,"k":[81.125,67.919],"ix":2},"a":{"a":0,"k":[0,0],"ix":1},"s":{"a":0,"k":[100,100],"ix":3},"r":{"a":0,"k":0,"ix":6},"o":{"a":0,"k":100,"ix":7},"sk":{"a":0,"k":0,"ix":4},"sa":{"a":0,"k":0,"ix":5},"nm":"Transform"}],"nm":"Group 14","np":2,"cix":2,"ix":10,"mn":"ADBE Vector Group","hd":false},{"ty":"tr","p":{"a":1,"k":[{"i":{"x":0.833,"y":0.833},"o":{"x":0.167,"y":0.167},"n":"0p833_0p833_0p167_0p167","t":0,"s":[118.194,48],"e":[9.194,48],"to":[-18.1666660308838,0],"ti":[18.1666660308838,0]},{"t":60.0000024438501}],"ix":2},"a":{"a":0,"k":[81.225,48.323],"ix":1},"s":{"a":0,"k":[100,100],"ix":3},"r":{"a":0,"k":0,"ix":6},"o":{"a":0,"k":100,"ix":7},"sk":{"a":1,"k":[{"i":{"x":[0.833],"y":[0.833]},"o":{"x":[0.167],"y":[0.167]},"n":["0p833_0p833_0p167_0p167"],"t":0,"s":[20],"e":[-20]},{"t":60.0000024438501}],"ix":4},"sa":{"a":0,"k":0,"ix":5},"nm":"Transform"}],"nm":"front","np":10,"cix":2,"ix":3,"mn":"ADBE Vector Group","hd":false},{"ty":"gr","it":[{"ind":0,"ty":"sh","ix":1,"ks":{"a":1,"k":[{"i":{"x":0.833,"y":0.833},"o":{"x":0.167,"y":0.167},"n":"0p833_0p833_0p167_0p167","t":0,"s":[{"i":[[0,0],[0.145,-3.136],[0,0],[0,0],[-0.41,1.281],[0,0],[-2.676,1.082]],"o":[[-1.239,0.141],[0,0],[0,0],[0.667,-0.566],[0,0],[0.788,-2.706],[-0.015,0.004]],"v":[[-46.253,-31.491],[-53.163,-26.558],[-57.967,-6.658],[-60.037,31.031],[-58.758,28.58],[-59.117,5.57],[-55.453,0.209]],"c":true}],"e":[{"i":[[0,0],[0.622,-2.884],[0,0],[0,0],[-0.41,1.281],[0,0],[-2.676,1.082]],"o":[[-1.239,0.141],[-0.622,2.884],[0,0],[0.667,-0.566],[0,0],[0.788,-2.706],[-0.015,0.004]],"v":[[-49.291,-31.491],[-54.01,-26.659],[-57.967,-6.658],[-60.037,31.031],[-58.758,28.58],[-59.117,5.57],[-55.453,0.209]],"c":true}]},{"i":{"x":0.833,"y":0.833},"o":{"x":0.167,"y":0.167},"n":"0p833_0p833_0p167_0p167","t":30,"s":[{"i":[[0,0],[0.622,-2.884],[0,0],[0,0],[-0.41,1.281],[0,0],[-2.676,1.082]],"o":[[-1.239,0.141],[-0.622,2.884],[0,0],[0.667,-0.566],[0,0],[0.788,-2.706],[-0.015,0.004]],"v":[[-49.291,-31.491],[-54.01,-26.659],[-57.967,-6.658],[-60.037,31.031],[-58.758,28.58],[-59.117,5.57],[-55.453,0.209]],"c":true}],"e":[{"i":[[0,0],[0.165,-4.086],[0,0],[0,0],[-0.461,1.59],[0,0],[-2.676,1.082]],"o":[[-1.239,0.242],[0,0],[0,0],[-0.501,-1.146],[0,0],[0.788,-2.706],[-0.015,0.004]],"v":[[-49.142,-31.482],[-52.864,-26.549],[-56.588,-7.981],[-18.048,34.34],[-15.71,29.822],[-9.517,8.526],[-3.635,2.459]],"c":true}]},{"t":60.0000024438501}],"ix":2},"nm":"Path 1","mn":"ADBE Vector Shape - Group","hd":false},{"ty":"fl","c":{"a":0,"k":[0.882000014361,0.885999971278,0.877999997606,1],"ix":4},"o":{"a":0,"k":100,"ix":5},"r":1,"nm":"Fill 1","mn":"ADBE Vector Graphic - Fill","hd":false},{"ty":"tr","p":{"a":0,"k":[30.826,49.584],"ix":2},"a":{"a":0,"k":[0,0],"ix":1},"s":{"a":0,"k":[-101.183,100],"ix":3},"r":{"a":0,"k":0,"ix":6},"o":{"a":0,"k":100,"ix":7},"sk":{"a":0,"k":0,"ix":4},"sa":{"a":0,"k":0,"ix":5},"nm":"Transform"}],"nm":"rigth","np":2,"cix":2,"ix":4,"mn":"ADBE Vector Group","hd":false},{"ty":"gr","it":[{"ind":0,"ty":"sh","ix":1,"ks":{"a":1,"k":[{"i":{"x":0.833,"y":0.833},"o":{"x":0.167,"y":0.167},"n":"0p833_0p833_0p167_0p167","t":0,"s":[{"i":[[0,0],[0.165,-4.086],[0,0],[0,0],[-0.461,1.59],[0,0],[-2.676,1.082]],"o":[[-1.239,0.242],[0,0],[0,0],[-0.501,-1.146],[0,0],[0.788,-2.706],[-0.015,0.004]],"v":[[9.34,-31.477],[5.618,-26.544],[1.893,-7.975],[47.807,34.365],[50.144,29.847],[56.337,8.551],[62.219,2.484]],"c":true}],"e":[{"i":[[0,0],[0.145,-3.136],[0,0],[0,0],[-0.411,1.281],[0,0],[-2.676,1.082]],"o":[[-1.239,0.141],[0,0],[0,0],[0.667,-0.566],[0,0],[0.788,-2.706],[-0.015,0.004]],"v":[[9.34,-31.477],[5.618,-26.544],[4.817,-7.572],[5.518,31.025],[6.798,28.574],[6.438,5.564],[10.103,0.202]],"c":true}]},{"i":{"x":0.833,"y":0.833},"o":{"x":0.167,"y":0.167},"n":"0p833_0p833_0p167_0p167","t":30,"s":[{"i":[[0,0],[0.145,-3.136],[0,0],[0,0],[-0.411,1.281],[0,0],[-2.676,1.082]],"o":[[-1.239,0.141],[0,0],[0,0],[0.667,-0.566],[0,0],[0.788,-2.706],[-0.015,0.004]],"v":[[9.34,-31.477],[5.618,-26.544],[4.817,-7.572],[5.518,31.025],[6.798,28.574],[6.438,5.564],[10.103,0.202]],"c":true}],"e":[{"i":[[0,0],[0.145,-3.136],[0,0],[0,0],[-0.411,1.281],[0,0],[-2.676,1.082]],"o":[[-1.239,0.141],[0,0],[0,0],[0.667,-0.566],[0,0],[0.788,-2.706],[-0.015,0.004]],"v":[[14.078,-31.454],[5.618,-26.544],[4.817,-7.572],[5.518,31.025],[6.798,28.574],[6.438,5.564],[10.103,0.202]],"c":true}]},{"t":60.0000024438501}],"ix":2},"nm":"Path 1","mn":"ADBE Vector Shape - Group","hd":false},{"ty":"fl","c":{"a":0,"k":[0.882000014361,0.885999971278,0.877999997606,1],"ix":4},"o":{"a":0,"k":100,"ix":5},"r":1,"nm":"Fill 1","mn":"ADBE Vector Graphic - Fill","hd":false},{"ty":"tr","p":{"a":0,"k":[30.423,49.584],"ix":2},"a":{"a":0,"k":[0,0],"ix":1},"s":{"a":0,"k":[100,100],"ix":3},"r":{"a":0,"k":0,"ix":6},"o":{"a":0,"k":100,"ix":7},"sk":{"a":0,"k":0,"ix":4},"sa":{"a":0,"k":0,"ix":5},"nm":"Transform"}],"nm":"left","np":2,"cix":2,"ix":5,"mn":"ADBE Vector Group","hd":false},{"ty":"gr","it":[{"ind":0,"ty":"sh","ix":1,"ks":{"a":0,"k":{"i":[[-2.726,0],[0,0],[0,2.727],[0,0],[2.726,0],[0,0],[0,-2.726],[0,0]],"o":[[0,0],[2.726,0],[0,0],[0,-2.726],[0,0],[-2.726,0],[0,0],[0,2.727]],"v":[[-28.48,15.477],[28.482,15.477],[33.438,10.52],[33.438,-10.52],[28.482,-15.477],[-28.48,-15.477],[-33.438,-10.52],[-33.438,10.52]],"c":true},"ix":2},"nm":"Path 1","mn":"ADBE Vector Shape - Group","hd":false},{"ty":"fl","c":{"a":0,"k":[0.694000004787,0.698000021542,0.705999995213,1],"ix":4},"o":{"a":0,"k":100,"ix":5},"r":1,"nm":"Fill 1","mn":"ADBE Vector Graphic - Fill","hd":false},{"ty":"tr","p":{"a":1,"k":[{"i":{"x":0.833,"y":0.833},"o":{"x":0.167,"y":0.167},"n":"0p833_0p833_0p167_0p167","t":0,"s":[117.125,63.966],"e":[8.725,63.966],"to":[-18.0666675567627,0],"ti":[18.0666675567627,0]},{"t":60.0000024438501}],"ix":2},"a":{"a":0,"k":[0,0],"ix":1},"s":{"a":0,"k":[89.644,100],"ix":3},"r":{"a":0,"k":0,"ix":6},"o":{"a":0,"k":100,"ix":7},"sk":{"a":1,"k":[{"i":{"x":[0.833],"y":[0.833]},"o":{"x":[0.167],"y":[0.167]},"n":["0p833_0p833_0p167_0p167"],"t":0,"s":[35],"e":[-35]},{"t":60.0000024438501}],"ix":4},"sa":{"a":0,"k":0,"ix":5},"nm":"Transform"}],"nm":"frontInner","np":2,"cix":2,"ix":6,"mn":"ADBE Vector Group","hd":false},{"ty":"gr","it":[{"ind":0,"ty":"sh","ix":1,"ks":{"a":0,"k":{"i":[[2.757,0],[0,0],[0,-2.756],[0,0],[-2.757,0],[0,0],[0,2.756],[0,0]],"o":[[0,0],[-2.757,0],[0,0],[0,2.756],[0,0],[2.757,0],[0,0],[0,-2.756]],"v":[[2.984,-17.663],[-2.984,-17.663],[-7.98,-16.378],[-7.996,12.651],[-2.984,17.662],[2.984,17.662],[7.996,12.651],[8.012,-16.378]],"c":true},"ix":2},"nm":"Path 1","mn":"ADBE Vector Shape - Group","hd":false},{"ty":"fl","c":{"a":0,"k":[0.941000007181,0.941000007181,0.941000007181,1],"ix":4},"o":{"a":0,"k":100,"ix":5},"r":1,"nm":"Fill 1","mn":"ADBE Vector Graphic - Fill","hd":false},{"ty":"tr","p":{"a":0,"k":[61.895,83.929],"ix":2},"a":{"a":0,"k":[0,0],"ix":1},"s":{"a":0,"k":[100,135.214],"ix":3},"r":{"a":0,"k":0,"ix":6},"o":{"a":0,"k":100,"ix":7},"sk":{"a":0,"k":0,"ix":4},"sa":{"a":0,"k":0,"ix":5},"nm":"Transform"}],"nm":"pie","np":2,"cix":2,"ix":7,"mn":"ADBE Vector Group","hd":false}],"ip":0,"op":61.0000024845809,"st":0,"bm":0},{"ddd":0,"ind":2,"ty":4,"nm":"Layer 5 Outlines 2","sr":1,"ks":{"o":{"a":0,"k":100,"ix":11},"r":{"a":0,"k":0,"ix":10},"p":{"a":0,"k":[95,60,0],"ix":2},"a":{"a":0,"k":[55.212,55.212,0],"ix":1},"s":{"a":0,"k":[100,100,100],"ix":6}},"ao":0,"shapes":[{"ty":"gr","it":[{"ind":0,"ty":"sh","ix":1,"ks":{"a":0,"k":{"i":[[0,-30.355],[-30.355,0],[0,30.354],[30.355,0]],"o":[[0,30.354],[30.355,0],[0,-30.355],[-30.355,0]],"v":[[-54.962,0],[0,54.962],[54.962,0],[0,-54.962]],"c":true},"ix":2},"nm":"Path 1","mn":"ADBE Vector Shape - Group","hd":false},{"ty":"fl","c":{"a":0,"k":[0.050980392156862744,0.13333333333333333,0.20784313725490197,1],"ix":4},"o":{"a":0,"k":100,"ix":5},"r":1,"nm":"Fill 1","mn":"ADBE Vector Graphic - Fill","hd":false},{"ty":"tr","p":{"a":0,"k":[55.212,55.212],"ix":2},"a":{"a":0,"k":[0,0],"ix":1},"s":{"a":0,"k":[100,100],"ix":3},"r":{"a":0,"k":0,"ix":6},"o":{"a":0,"k":100,"ix":7},"sk":{"a":0,"k":0,"ix":4},"sa":{"a":0,"k":0,"ix":5},"nm":"Transform"}],"nm":"circle","np":2,"cix":2,"ix":1,"mn":"ADBE Vector Group","hd":false}],"ip":0,"op":61.0000024845809,"st":0,"bm":0}]}],"layers":[{"ddd":0,"ind":1,"ty":0,"nm":"cam precomp","refId":"comp_0","sr":1,"ks":{"o":{"a":0,"k":100,"ix":11},"r":{"a":0,"k":0,"ix":10},"p":{"a":0,"k":[95,60,0],"ix":2},"a":{"a":0,"k":[95,60,0],"ix":1},"s":{"a":0,"k":[100,100,100],"ix":6}},"ao":0,"tm":{"a":1,"k":[{"i":{"x":[0.5],"y":[1]},"o":{"x":[0.5],"y":[0]},"n":["0p5_1_0p5_0"],"t":0,"s":[0],"e":[2.002]},{"i":{"x":[0.5],"y":[1]},"o":{"x":[0.5],"y":[0]},"n":["0p5_1_0p5_0"],"t":120,"s":[2.002],"e":[0]},{"t":240.0000097754}],"ix":2},"w":190,"h":120,"ip":0,"op":245.000009979055,"st":0,"bm":0}],"markers":[]}